茧,0301,,03201,s
茧,0301,,03214,s
茧,0301,,03301,Β
茧,0301,,03302,
茧,0301,,03303,蒬
茧,0301,,03216,s
茧,0301,,03321,g
茧,0301,,03322,В
茧,0302,蒆,03205,Ԋs
茧,0302,蒆,03206,ks
茧,0302,蒆,03208,s
茧,0302,蒆,03366,a꒬
茧,0303,_],03215,Bs
茧,0303,_],03381,P蒬
茧,0304,,03209,֎s
茧,0304,,03402,
茧,0305,C,03203,Dns
茧,0305,C,03210,Ocs
茧,0305,C,03441,Zc
茧,0306,,03211,Ύs
茧,0306,,03461,ƒ
茧,0307,{,03202,{Îs
茧,0307,{,03482,Rc
茧,0307,{,03483,
茧,0307,{,03484,c씨
茧,0308,v,03207,vs
茧,0308,v,03485,㑺
茧,0308,v,03503,c
茧,0308,v,03507,m쒬
茧,0309,,03213,ˎs
茧,0309,,03501,yĒ
茧,0309,,03506,ˑ
茧,0309,,03524,˒
