{錧,0401,,04206,Ύs
{錧,0401,,04208,pcs
{錧,0401,,04301,
{錧,0401,,04302,Ph
{錧,0401,,04321,͌
{錧,0401,,04322,c
{錧,0401,,04323,ēc
{錧,0401,,04324,蒬
{錧,0401,,04341,ېX
{錧,0403,,04101,t
{錧,0403,,04102,{
{錧,0403,,04103,ы
{錧,0403,,04104,
{錧,0403,,04105,
{錧,0403,,04203,}s
{錧,0403,,04207,s
{錧,0403,,04209,s
{錧,0403,,04211,s
{錧,0403,,04361,j
{錧,0403,,04362,R
{錧,0403,,04401,
{錧,0403,,04404,Pl
{錧,0403,,04406,{
{錧,0403,,04421,a
{錧,0403,,04422,勽
{錧,0403,,04216,xJs
{錧,0403,,04424,t
{錧,0406,EI,04213,Is
{錧,0406,EI,04215,s
{錧,0406,EI,04444,F
{錧,0406,EI,04445,
{錧,0406,EI,04501,OJ
{錧,0406,EI,04505,
{錧,0409,ΊEoāEC,04202,Ίs
{錧,0409,ΊEoāEC,04205,Cs
{錧,0409,ΊEoāEC,04212,oĎs
{錧,0409,ΊEoāEC,04214,s
{錧,0409,ΊEoāEC,04581,쒬
{錧,0409,ΊEoāEC,04606,O
